<?xml version="1.0"?>

<ruleset name="Basic JSF rules"
    xmlns="http://pmd.sf.net/ruleset/1.0.0"
    xmlns:xsi="http://www.w3.org/2001/XMLSchema-instance"
    xsi:schemaLocation="http://pmd.sf.net/ruleset/1.0.0 http://pmd.sf.net/ruleset_xml_schema.xsd"
    xsi:noNamespaceSchemaLocation="http://pmd.sf.net/ruleset_xml_schema.xsd">
  <description>
Rules concerning basic JSF guidelines.
  </description>

   <rule name="DontNestJsfInJstlIteration"
       message="Do not nest JSF component custom actions inside a custom action that iterates over its body."
       class="net.sourceforge.pmd.rules.XPathRule"
       externalInfoUrl="http://pmd.sourceforge.net/rules/basic-jsf.html#DontNestJsfInJstlIteration">
     <description>
   Do not nest JSF component custom actions inside a custom action that iterates over its body.
     </description>
       <properties>
           <property name="xpath">
               <value>
                   <![CDATA[
//Element[ @Name="c:forEach" ] // Element[ @NamespacePrefix="h" or @NamespacePrefix="f" ]
                   ]]>
               </value>
           </property>
       </properties>
       <priority>3</priority>
     <example>
 <![CDATA[
<html> <body> <ul>
		<c:forEach items='${books}' var='b'>
			<li> <h:outputText value='#{b}' /> </li>
		</c:forEach>
</ul> </body> </html>
 ]]>
     </example>
     </rule>

</ruleset>

