<?xml version="1.0"?>

<ruleset name="Clone Implementation Rules"
    xmlns="http://pmd.sf.net/ruleset/1.0.0"
    xmlns:xsi="http://www.w3.org/2001/XMLSchema-instance"
    xsi:schemaLocation="http://pmd.sf.net/ruleset/1.0.0 http://pmd.sf.net/ruleset_xml_schema.xsd"
    xsi:noNamespaceSchemaLocation="http://pmd.sf.net/ruleset_xml_schema.xsd">
  <description>
The Clone Implementation ruleset contains a collection of rules that find questionable usages of the clone() method.
  </description>

    <rule name="ProperCloneImplementation"
         message="Object clone() should be implemented with super.clone()"
         class="net.sourceforge.pmd.rules.XPathRule"
          externalInfoUrl="http://pmd.sourceforge.net/rules/clone.html#ProperCloneImplementation">
     <description>
Object clone() should be implemented with super.clone()
     </description>
     <properties>
         <property name="xpath">
             <value>
                 <![CDATA[
//ClassOrInterfaceDeclaration//MethodDeclarator
[@Image = 'clone']
[count(FormalParameters/*) = 0]
[count(../Block//*[
    (self::AllocationExpression) and
    (./ClassOrInterfaceType/@Image = ancestor::
ClassOrInterfaceDeclaration[position()=last()]/@Image)
  ])> 0
]
                ]]>
             </value>
         </property>
     </properties>
        <priority>2</priority>

     <example>
 <![CDATA[
class Foo{
    public Object clone(){
        return new Foo(); // This is bad
    }
}
]]>
     </example>
     </rule>

    <rule name="CloneThrowsCloneNotSupportedException"
         message="clone() method should throw CloneNotSupportedException"
         class="net.sourceforge.pmd.rules.XPathRule"
          externalInfoUrl="http://pmd.sourceforge.net/rules/clone.html#CloneThrowsCloneNotSupportedException">
         <description>
The method clone() should throw a CloneNotSupportedException
         </description>
         <properties>
             <property name="xpath">
                 <value>
                     <![CDATA[
//ClassOrInterfaceDeclaration
[@Final = 'false']
[.//MethodDeclaration[
MethodDeclarator/@Image = 'clone'
and count(MethodDeclarator/FormalParameters/*) = 0
and count(NameList/Name[contains
(@Image,'CloneNotSupportedException')]) = 0]]
                     ]]>
                 </value>
             </property>
         </properties>
         <priority>3</priority>
         <example>
             <![CDATA[
 public class MyClass implements Cloneable{
     public Object clone() // will cause an error {
          MyClass clone = (MyClass)super.clone();
          ...
          return clone;
     }
 }
    ]]>
         </example>
     </rule>

    <rule name="CloneMethodMustImplementCloneable"
        message="clone() method should be implemented only if implementing Cloneable interface"
        class="net.sourceforge.pmd.rules.XPathRule"
          externalInfoUrl="http://pmd.sourceforge.net/rules/clone.html#CloneMethodMustImplementCloneable">
        <description>
The method clone() should only be implemented if the class implements the Cloneable interface
        </description>
        <properties>
            <property name="xpath">
                <value>
                    <![CDATA[
//ClassOrInterfaceDeclaration
[not(./ImplementsList/ClassOrInterfaceType
[@Image='Cloneable'])]
[.//MethodDeclaration/MethodDeclarator[@Image
= 'clone' and count(FormalParameters/*) = 0]]
                    ]]>
                </value>
            </property>
        </properties>
        <priority>3</priority>
        <example>
            <![CDATA[
public class MyClass {
 public Object clone() throws CloneNotSupportedException {
  return foo;
 }
}
   ]]>
        </example>
    </rule>

</ruleset>

