<?xml version="1.0"?>

<ruleset name="J2EE Rules"
    xmlns="http://pmd.sf.net/ruleset/1.0.0"
    xmlns:xsi="http://www.w3.org/2001/XMLSchema-instance"
    xsi:schemaLocation="http://pmd.sf.net/ruleset/1.0.0 http://pmd.sf.net/ruleset_xml_schema.xsd"
    xsi:noNamespaceSchemaLocation="http://pmd.sf.net/ruleset_xml_schema.xsd">

  <rule name="UseProperClassLoader"
   message="In J2EE, getClassLoader() might not work as expected.  Use Thread.currentThread().getContextClassLoader() instead."
   class="net.sourceforge.pmd.rules.XPathRule">
   <description>
    In J2EE getClassLoader() might not work as expected.  Use Thread.currentThread().getContextClassLoader() instead.
   </description>
      <properties>
          <property name="xpath">
              <value>
<![CDATA[
//PrimarySuffix[@Image='getClassLoader']
 ]]>
              </value>
          </property>
      </properties>
      <priority>3</priority>
   <example>
<![CDATA[
public class Foo {
 ClassLoader cl = Bar.class.getClassLoader();
}
]]>
  </example>
 </rule>

</ruleset>